{
  "data_path": "features.npz",
  "model_path": "svm_model.pkl",
  "label_names": [
    "neutral",
    "happy",
    "sad",
    "angry",
    "fearful",
    "disgust",
    "surprised"
  ],
  "label_contract": {
    "0": "neutral",
    "1": "happy",
    "2": "sad",
    "3": "angry",
    "4": "fearful",
    "5": "disgust",
    "6": "surprised"
  },
  "best_cv_macro_f1": 0.43537112265003397,
  "best_params": {
    "pca__n_components": 0.98,
    "svm__C": 11.214774784159458,
    "svm__gamma": 0.0006760673666959452,
    "svm__kernel": "rbf"
  },
  "test_accuracy": 0.5053333333333333,
  "test_macro_f1": 0.5095170922579915,
  "train_accuracy": 0.8962611901000527,
  "overfit_gap": 0.3909278567667194,
  "classification_report": {
    "neutral": {
      "precision": 0.644808743169399,
      "recall": 0.3933333333333333,
      "f1-score": 0.4886128364389234,
      "support": 300.0
    },
    "happy": {
      "precision": 0.4945652173913043,
      "recall": 0.455,
      "f1-score": 0.4739583333333333,
      "support": 200.0
    },
    "sad": {
      "precision": 0.3282208588957055,
      "recall": 0.535,
      "f1-score": 0.4068441064638783,
      "support": 200.0
    },
    "angry": {
      "precision": 0.5925925925925926,
      "recall": 0.64,
      "f1-score": 0.6153846153846154,
      "support": 200.0
    },
    "fearful": {
      "precision": 0.5401069518716578,
      "recall": 0.505,
      "f1-score": 0.5219638242894057,
      "support": 200.0
    },
    "disgust": {
      "precision": 0.5145631067961165,
      "recall": 0.53,
      "f1-score": 0.5221674876847291,
      "support": 200.0
    },
    "surprised": {
      "precision": 0.5404040404040404,
      "recall": 0.535,
      "f1-score": 0.5376884422110553,
      "support": 200.0
    },
    "accuracy": 0.5053333333333333,
    "macro avg": {
      "precision": 0.5221802158744023,
      "recall": 0.5133333333333334,
      "f1-score": 0.5095170922579915,
      "support": 1500.0
    },
    "weighted avg": {
      "precision": 0.5303554510274021,
      "recall": 0.5053333333333333,
      "f1-score": 0.508123475203387,
      "support": 1500.0
    }
  },
  "confusion_matrix": [
    [
      118,
      9,
      116,
      0,
      20,
      24,
      13
    ],
    [
      24,
      91,
      29,
      26,
      21,
      4,
      5
    ],
    [
      12,
      4,
      107,
      6,
      17,
      18,
      36
    ],
    [
      8,
      22,
      0,
      128,
      6,
      23,
      13
    ],
    [
      6,
      5,
      47,
      19,
      101,
      3,
      19
    ],
    [
      13,
      26,
      17,
      22,
      11,
      106,
      5
    ],
    [
      2,
      27,
      10,
      15,
      11,
      28,
      107
    ]
  ],
  "split": "actor_grouped"
}